Company,Valuation,Date Joined,Country,City,Industry
ByteDance,225,42832,China,Beijing,Media & Entertainment
SpaceX,150,41244,United States,Hawthorne,Industrials
OpenAI,80,43668,United States,San Francisco,Enterprise Tech
SHEIN,66,43284,Singapore,Singapore City,Consumer & Retail
Stripe,65,41662,United States,San Francisco,Financial Services
Databricks,43,43501,United States,San Francisco,Enterprise Tech
Canva,25.4,43108,Australia,Surry Hills,Enterprise Tech
Revolut,33,43216,United Kingdom,London,Financial Services
Epic Games,22.5,43399,United States,Cary,Media & Entertainment
Fanatics,31,41066,United States,Jacksonville,Consumer & Retail
Chime,25,43529,United States,San Francisco,Financial Services
Xiaohongshu,20,42460,China,Shanghai,Media & Entertainment
Miro,17.5,44566,United States,San Francisco,Enterprise Tech
Anthropic,16.05,44960,United States,San Francisco,Enterprise Tech
Yuanfudao,15.5,42886,China,Beijing,Consumer & Retail
DJI Innovations,15,42027,China,Shenzhen,Industrials
Discord,15,43210,United States,San Francisco,Media & Entertainment
Gopuff,15,44112,United States,Philadelphia,Consumer & Retail
Yuanqi Senlin,15,43891,China,Beijing,Consumer & Retail
Ripple,15,43819,United States,San Francisco,Financial Services
Plaid,13.5,43445,United States,San Francisco,Financial Services
OpenSea,13.3,44397,United States,New York,Media & Entertainment
Celonis,13,43277,Germany,Munich,Enterprise Tech
Grammarly,13,43748,United States,San Francisco,Media & Entertainment
Devoted Health,12.9,43389,United States,Waltham,Healthcare & Life Sciences
Faire,12.59,43768,United States,San Francisco,Consumer & Retail
Brex,12.3,43378,United States,San Francisco,Enterprise Tech
JUUL Labs,12,43089,United States,San Francisco,Consumer & Retail
Bitmain Technologies,12,43287,China,Beijing,Enterprise Tech
GoodLeap,12,44482,United States,Roseville,Financial Services
Xingsheng Selected,12,44034,China,Changsha,Consumer & Retail
Deel,12,44307,United States,San Francisco,Enterprise Tech
Airtable,11.7,43419,United States,San Francisco,Enterprise Tech
BYJU's,11.5,42941,India,Bengaluru,Consumer & Retail
ZongMu Technology,11.4,44350,China,Shanghai,Industrials
Rippling,11.25,44047,United States,San Francisco,Enterprise Tech
Global Switch,11.1,42726,United Kingdom,London,Enterprise Tech
Checkout.com,11,43587,United Kingdom,London,Financial Services
Bolt,11,44477,United States,San Francisco,Financial Services
Alchemy,10.2,44497,United States,San Francisco,Enterprise Tech
Huolala,10,43517,China,Guangzhou,Industrials
Wiz,10,44272,Israel,Tel Aviv,Enterprise Tech
Gusto,10,42356,United States,San Francisco,Financial Services
Chehaoduo,10,42441,China,Beijing,Consumer & Retail
Talkdesk,10,43376,United States,San Francisco,Enterprise Tech
Notion,10,43922,United States,San Francisco,Enterprise Tech
Digital Currency Group,10,44501,United States,New York,Financial Services
KuCoin,10,44691,Seychelles,Victoria,Financial Services
ServiceTitan,9.5,43418,United States,Glendale,Industrials
HEYTEA,9.28,43647,China,Shenzhen,Consumer & Retail
N26,9.23,43475,Germany,Berlin,Financial Services
Navan,9.2,43412,United States,Palo Alto,Enterprise Tech
VAST Data,9.1,43937,United States,New York,Enterprise Tech
Northvolt,9.08,43628,Sweden,Stockholm,Industrials
Tanium,9,42094,United States,Kirkland,Enterprise Tech
Niantic,9,43063,United States,San Francisco,Media & Entertainment
OYO Rooms,9,43368,India,Gurugram,Consumer & Retail
Getir,8.8,44281,Turkey,Istanbul,Consumer & Retail
Rapyd,8.75,43802,United Kingdom,London,Financial Services
Kavak,8.7,44105,Mexico,Lerma de Villada,Industrials
Nuro,8.6,43507,United States,Mountain View,Industrials
Chainalysis,8.6,44158,United States,New York,Financial Services
Pony.ai,8.6,43292,United States,Fremont,Industrials
Personio,8.5,44215,Germany,Munich,Enterprise Tech
Anduril,8.48,43719,United States,Irvine,Industrials
SumUp,8.5,43662,United Kingdom,London,Financial Services
Bolt,8.4,43249,Estonia,Tallinn,Industrials
Lacework,8.3,44203,United States,San Jose,Enterprise Tech
Tipalti,8.3,44110,United States,San Mateo,Enterprise Tech
Tempus,8.1,43180,United States,Chicago,Healthcare & Life Sciences
Swiggy,8,43272,India,Bengaluru,Consumer & Retail
Dream11,8,43564,India,Mumbai,Media & Entertainment
Fireblocks,8,44404,United States,New York,Financial Services
Flexport,8,43220,United States,San Francisco,Industrials
FalconX,8,44418,United States,San Mateo,Financial Services
Caris,7.83,44328,United States,Irving,Healthcare & Life Sciences
Dapper Labs,7.6,44285,Canada,Vancouver,Media & Entertainment
Netskope,7.5,43417,United States,Santa Clara,Enterprise Tech
Razorpay,7.5,44115,India,Bengaluru,Financial Services
Automattic,7.5,41421,United States,San Francisco,Media & Entertainment
Carta,7.4,43591,United States,San Francisco,Financial Services
Snyk,7.4,43851,United States,Boston,Enterprise Tech
Scale AI,7.3,43682,United States,San Francisco,Enterprise Tech
Gong,7.25,44055,United States,Palo Alto,Enterprise Tech
Gemini,7.1,44519,United States,New York,Financial Services
Blockchain.com,7,44244,United Kingdom,London,Financial Services
Toss,7,43443,South Korea,Seoul,Financial Services
We Doctor,7,42269,China,Hangzhou,Healthcare & Life Sciences
Ro,7,44039,United States,New York,Healthcare & Life Sciences
ConsenSys,7,44517,United States,New York,Enterprise Tech
Automation Anywhere,6.8,43283,United States,San Jose,Enterprise Tech
1Password,6.8,44385,Canada,Toronto,Enterprise Tech
Klarna,6.7,40889,Sweden,Stockholm,Financial Services
Ziroom,6.6,43117,China,Beijing,Consumer & Retail
SVOLT,6.51,43990,China,Changzhou,Industrials
National Stock Exchange of India,6.5,44013,India,Mumbai,Financial Services
Mollie,6.5,44082,Netherlands,Amsterdam,Financial Services
Ola,7.5,41939,India,Bengaluru,Industrials
Doctolib,6.4,43543,France,Paris,Healthcare & Life Sciences
CRED,6.4,44292,India,Bengaluru,Financial Services
DataRobot,6.3,43675,United States,Boston,Enterprise Tech
Upgrade,6.28,43143,United States,San Francisco,Financial Services
Hinge Health,6.2,44202,United States,San Francisco,Healthcare & Life Sciences
Black Unicorn Factory,6.1,44336,United States,Los Angeles,Enterprise Tech
Benchling,6.1,44300,United States,San Francisco,Healthcare & Life Sciences
Applied Intuition,6,44126,United States,Sunnyvale,Industrials
Commure,6,44455,United States,San Francisco,Healthcare & Life Sciences
Royole Corporation,6,42234,China,Shenzhen,Industrials
iCapital Network,6,44404,United States,New York,Financial Services
6Sense,5.2,44285,United States,San Francisco,Enterprise Tech
Attentive,5.99,44097,United States,Hoboken,Enterprise Tech
Easyhome,5.78,43143,China,Beijing,Consumer & Retail
Lianjia,5.77,42467,China,Beijing,Financial Services
Cityblock Health,5.7,44175,United States,Brooklyn,Healthcare & Life Sciences
Workato,5.7,44208,United States,Mountain View,Enterprise Tech
Back Market,5.7,44334,France,Paris,Consumer & Retail
RELEX,5.7,44609,Finland,Helsinki,Consumer & Retail
The Boring Company,5.7,44671,United States,Pflugerville,Industrials
Postman,5.6,43993,United States,San Francisco,Enterprise Tech
FiveTran,5.6,44012,United States,Oakland,Enterprise Tech
ContentSquare,5.6,44341,France,Paris,Enterprise Tech
Trade Republic,5.36,44336,Germany,Berlin,Financial Services
Rappi,5.25,43343,Colombia,Bogota,Consumer & Retail
Collibra,5.25,43494,Belgium,Brussels,Enterprise Tech
OneTrust,4.5,43657,United States,Atlanta,Enterprise Tech
QuintoAndar,5.1,43717,Brazil,Campinas,Financial Services
Monzo,5.07,43404,United Kingdom,London,Financial Services
C6 Bank,5.05,44167,Brazil,Sao Paulo,Financial Services
Redwood Materials,5,44405,United States,Carson City,Industrials
Hello TransTech,5,43252,China,Shanghai,Industrials
Airwallex,5.5,43549,Australia,Melbourne,Financial Services
Mambu,5.5,44202,Netherlands,Amsterdam,Financial Services
Horizon Robotics,5,43523,China,Beijing,Industrials
Howden Group Holdings,5,44103,United Kingdom,London,Insurance
SambaNova Systems,5,44299,United States,Palo Alto,Enterprise Tech
ZEPZ,5,44431,United Kingdom,London,Financial Services
OakNorth Bank,5,43020,United Kingdom,London,Financial Services
Moon Active,5,43856,Israel,Tel Aviv,Media & Entertainment
OfBusiness,5,44408,India,Gurgaon,Industrials
Cockroach Labs,5,44208,United States,New York,Enterprise Tech
Pine Labs,5,43854,India,Noida,Financial Services
Qonto,5,44572,France,Paris,Enterprise Tech
Ola Electric Mobility,5.5,43648,India,Bengaluru,Industrials
Icertis,5,43663,United States,Bellevue,Enterprise Tech
Hopper,5,44279,Canada,Montreal,Consumer & Retail
VerSe Innovation,5,44187,India,Bengaluru,Media & Entertainment
ShareChat,5,44294,India,Bengaluru,Media & Entertainment
Coalition,5,44272,United States,San Francisco,Insurance
Grafana Labs,4.93,44280,United States,New York,Enterprise Tech
Meesho,3.5,44291,India,Bengaluru,Consumer & Retail
Cerebral,4.8,44357,United States,San Francisco,Healthcare & Life Sciences
Creditas,4.8,44183,Brazil,Sao Paulo,Financial Services
Reify Health,4.8,44418,United States,Boston,Healthcare & Life Sciences
Chipone,4.73,44546,China,Beijing,Industrials
BetterUp,4.7,44252,United States,San Francisco,Enterprise Tech
Pleo,4.7,44383,Denmark,Copenhagen,Enterprise Tech
SonarSource,4.7,44677,Switzerland,Geneva,Enterprise Tech
Lyra Health,5.85,44068,United States,Burlingame,Healthcare & Life Sciences
Ramp,5.8,44284,United States,New York,Enterprise Tech
Checkr,4.6,43727,United States,San Francisco,Enterprise Tech
Skims,4,44295,United States,Los Angeles,Consumer & Retail
Color,4.6,44200,United States,Burlingame,Healthcare & Life Sciences
Lendable,4.58,44286,United Kingdom,London,Financial Services
Vinted,4.53,43796,Lithuania,Vilnius,Consumer & Retail
VIPKid,4.5,42586,China,Beijing,Consumer & Retail
Socure,4.5,44271,United States,New York,Financial Services
wefox,4.5,43529,Germany,Berlin,Insurance
Lenskart,4.5,43819,India,Faridabad,Consumer & Retail
Hugging Face,4.5,44690,United States,New York,Enterprise Tech
Outreach,4.4,43571,United States,Seattle,Enterprise Tech
WeRide,4.4,44188,China,Guangzhou,Industrials
Guild Education,4.4,43782,United States,Denver,Enterprise Tech
Arctic Wolf Networks,4.3,44126,United States,Eden Prairie,Enterprise Tech
OutSystems,4.3,43256,United States,Boston,Enterprise Tech
Sorare,4.3,44460,France,Paris,Media & Entertainment
Zipline,4.2,43605,United States,South San Francisco,Industrials
Relativity,4.2,44158,United States,Inglewood,Industrials
Miaoshou Doctor,4.25,43643,China,Beijing,Healthcare & Life Sciences
ThoughtSpot,4.2,43228,United States,Sunnyvale,Enterprise Tech
Globalization Partners,4.2,44585,United States,Boston,Enterprise Tech
dbt Labs,4.2,44377,United States,Philadelphia,Enterprise Tech
SSENSE,4.15,44355,Canada,Montreal,Consumer & Retail
Dataminr,4.1,43255,United States,New York,Enterprise Tech
BitPanda,4.11,44271,Austria,Vienna,Financial Services
Weee!,4.1,44271,United States,Fremont,Consumer & Retail
Skydance Media,4,43872,United States,Santa Monica,Media & Entertainment
Houzz,4,41912,United States,Palo Alto,Consumer & Retail
Yello Mobile,4,41954,South Korea,Seoul,Consumer & Retail
Inflection AI,4,44694,United States,Palo Alto,Enterprise Tech
MEGVII,4,43039,China,Beijing,Enterprise Tech
Greensill,4,43297,United Kingdom,London,Financial Services
Impossible Foods,4,43598,United States,Redwood City,Consumer & Retail
Radiology Partners,4,43157,United States,El Segundo,Healthcare & Life Sciences
Next Insurance,4,43745,United States,Palo Alto,Insurance
PointClickCare,4,44203,Canada,Mississauga,Healthcare & Life Sciences
Zapier,4,44210,United States,Sunnyvale,Enterprise Tech
Clubhouse,4,44220,United States,San Francisco,Media & Entertainment
BrowserStack,4,44363,Ireland,Dublin,Enterprise Tech
Rubrik,4,42853,United States,Palo Alto,Enterprise Tech
Melio,4,44221,United States,New York,Financial Services
Vuori,4,44482,United States,Carlsbad,Consumer & Retail
ClickUp,4,44180,United States,San Diego,Enterprise Tech
Cerebras Systems,4,43418,United States,Los Altos,Enterprise Tech
Farmers Business Network,4,44046,United States,San Carlos,Industrials
Branch,4,43353,United States,Redwood City,Enterprise Tech
Aurora Solar,4,44340,United States,San Francisco,Industrials
Webflow,4,44209,United States,San Francisco,Enterprise Tech
Yuga Labs,4,44642,United States,Miami,Media & Entertainment
Digit Insurance,4,44211,India,Bengaluru,Insurance
Abnormal Security,4,44691,United States,San Francisco,Enterprise Tech
Medlinker,3.92,43312,China,Chengdu,Healthcare & Life Sciences
StockX,3.8,43642,United States,Detroit,Consumer & Retail
MessageBird,3.8,44112,Netherlands,Amsterdam,Enterprise Tech
Articulate,3.75,44378,United States,New York,Enterprise Tech
Dutchie,3.75,44271,United States,Bend,Consumer & Retail
Cohesity,3.7,43262,United States,San Jose,Enterprise Tech
Dataiku,3.7,43803,United States,New York,Enterprise Tech
GOAT,3.7,44097,United States,Culver City,Consumer & Retail
Noom,3.7,44340,United States,New York,Healthcare & Life Sciences
Papaya Global,3.7,44259,United States,New York,Enterprise Tech
Abogen,3.7,44529,China,Suzhou,Healthcare & Life Sciences
Harness,3.7,44210,United States,San Francisco,Enterprise Tech
Whatnot,3.7,44455,United States,Marina del Rey,Consumer & Retail
o9 Solutions,3.7,43949,United States,Dallas,Enterprise Tech
Autograph,3.66,44581,United States,Santa Monica,Media & Entertainment
Relativity,3.6,44273,United States,Chicago,Enterprise Tech
Whoop,3.6,44132,United States,Boston,Healthcare & Life Sciences
Course Hero,3.6,43873,United States,Redwood City,Consumer & Retail
SpotOn,3.6,44342,United States,San Francisco,Financial Services
Otto Bock HealthCare,3.52,42910,Germany,Duderstadt,Healthcare & Life Sciences
Indigo Ag,3.5,43004,United States,Boston,Industrials
eToro,3.5,45006,United Kingdom,London,Financial Services
HyalRoute,3.5,43977,Singapore,Singapore City,Industrials
Rec Room,3.5,44278,United States,Seattle,Media & Entertainment
Mirakl,3.5,44096,France,Paris,Consumer & Retail
Tekion,3.5,44125,United States,San Ramon,Industrials
GoStudent,3.5,44369,Austria,Vienna,Consumer & Retail
Highspot,3.5,44249,United States,Seattle,Enterprise Tech
Handshake,3.5,44328,United States,San Francisco,Enterprise Tech
ChargeBee Technologies,3.5,44306,United States,San Francisco,Financial Services
Flock Safety,3.5,44390,United States,Atlanta,Consumer & Retail
Helion Energy,3.5,44505,United States,Redmond,Industrials
Acronis,3.5,43726,Switzerland,Schaffhausen,Enterprise Tech
Unacademy,3.44,44076,India,Bengaluru,Consumer & Retail
Odoo,3.43,44406,Belgium,Louvain-la-Neuve,Enterprise Tech
MoonPay,3.4,44522,United States,Miami,Financial Services
Upstox,3.4,44529,India,Mumbai,Financial Services
Improbable,3.36,42866,United Kingdom,London,Media & Entertainment
Youxia Motors,3.35,43192,China,Shanghai,Industrials
OwnBackup,3.35,44224,United States,Englewood Cliffs,Enterprise Tech
Starburst,3.35,44202,United States,Boston,Enterprise Tech
Sila,3.3,43571,United States,Alameda,Industrials
Komodo Health,3.3,43973,United States,San Francisco,Healthcare & Life Sciences
Kurly,3.3,44386,South Korea,Seoul,Consumer & Retail
Cars24,3.3,44159,India,Gurgaon,Industrials
BlockDaemon,3.25,44460,United States,Los Angeles,Financial Services
Dadi Cinema,3.24,42501,China,Shenzhen,Media & Entertainment
Aiven,3.21,44487,Finland,Helsinki,Enterprise Tech
Thumbtack,3.2,42276,United States,San Francisco,Consumer & Retail
Cedar,3.2,44264,United States,New York,Healthcare & Life Sciences
Eruditus Executive Education,3.2,44420,India,Mumbai,Enterprise Tech
Blockstream,3.2,44432,Canada,Vancouver,Financial Services
Innovaccer,3.2,44246,United States,San Francisco,Healthcare & Life Sciences
Ironclad,3.2,44579,United States,Sacramento,Enterprise Tech
Eikon Therapeutics,3.2,44567,United States,Hayward,Healthcare & Life Sciences
Retool,3.2,44552,United States,San Francisco,Enterprise Tech
Verkada,3.2,43859,United States,San Mateo,Industrials
PsiQuantum,3.15,44404,United States,Palo Alto,Enterprise Tech
HighRadius,3.1,43837,United States,Houston,Financial Services
Bilt Rewards,3.1,44859,United States,New York,Financial Services
Nuvemshop,3.1,44425,Brazil,Sao Paulo,Consumer & Retail
LayerZero Labs,3,44650,United States,New York,Enterprise Tech
Nord Security,3,44658,Lithuania,Vilnius,Enterprise Tech
Yixia,3,42332,China,Beijing,Media & Entertainment
Traveloka,3,42736,Indonesia,Jakarta,Consumer & Retail
SouChe Holdings,3,43040,China,Hangzhou,Industrials
BGL Group,3,43063,United Kingdom,Peterborough,Insurance
Circle,3,43235,United States,Boston,Financial Services
Zuoyebang,3,43299,China,Beijing,Consumer & Retail
FlixMobility,3,43664,Germany,Munich,Industrials
Wildlife Studios,3,43804,Brazil,Sao Paulo,Media & Entertainment
ApplyBoard,3.2,43956,Canada,Kitchener,Consumer & Retail
Forter,3,44154,United States,New York,Enterprise Tech
Calendly,3,44222,United States,Atlanta,Enterprise Tech
BlockFi,3,44266,United States,Jersey City,Financial Services
ActiveCampaign,3,44307,United States,Chicago,Enterprise Tech
CMR Surgical,3,43725,United Kingdom,Cambridge,Healthcare & Life Sciences
Lucid Software,3,44376,United States,South Jordan,Enterprise Tech
Age of Learning,3,42493,United States,Glendale,Consumer & Retail
Carbon Health,3,44398,United States,San Francisco,Healthcare & Life Sciences
Contentful,3,44405,Germany,Berlin,Enterprise Tech
LaunchDarkly,3,44418,United States,Oakland,Enterprise Tech
Seismic,3,43452,United States,San Diego,Enterprise Tech
Sky Mavis,3,44473,Vietnam,Ho Chi Minh City,Media & Entertainment
Outschool,3,44300,United States,San Francisco,Consumer & Retail
TradingView,3,44483,United States,Westerville,Financial Services
Groww,3,44293,India,Bengaluru,Financial Services
Podium,3,43928,United States,Lehi,Consumer & Retail
Via,3.5,43920,United States,New York,Industrials
Anchorage Digital,3,44545,United States,San Francisco,Financial Services
Inxeption,3,44574,United States,San Francisco,Industrials
Lattice,3,44278,United States,San Francisco,Enterprise Tech
Flutterwave,3,44264,United States,San Francisco,Financial Services
Amber Group,3,44368,Singapore,Singapore City,Financial Services
Cross River Bank,3,44603,United States,Fort Lee,Financial Services
Remote,3,44390,United States,San Francisco,Enterprise Tech
Sentry,3,44245,United States,San Francisco,Enterprise Tech
Kraken,2.92,43641,United States,San Francisco,Financial Services
Workrise,2.9,43738,United States,Austin,Industrials
BharatPe,2.85,44407,India,New Delhi,Financial Services
Gokin Solar,2.88,44664,China,Zhuhai,Industrials
DriveWealth,2.85,44428,United States,Chatham,Financial Services
Alan,2.85,44305,France,Paris,Healthcare & Life Sciences
Meicai,2.8,42543,China,Beijing,Consumer & Retail
Nutrabolt,2.79,44903,United States,Austin,Consumer & Retail
Graphcore,2.77,43452,United Kingdom,Bristol,Enterprise Tech
Illumio,2.75,42108,United States,Sunnyvale,Enterprise Tech
MasterClass,2.75,44329,United States,San Francisco,Media & Entertainment
Dream Games,2.75,44377,Turkey,Istanbul,Media & Entertainment
Transmit Security,2.74,44369,Israel,Tel Aviv,Enterprise Tech
Hozon Auto,3.95,44614,China,Shanghai,Industrials
Tradeshift,2.7,43250,United States,San Francisco,Enterprise Tech
Nextiva,2.7,44453,United States,Scottsdale,Enterprise Tech
Tridge,2.7,44797,South Korea,Seoul,Industrials
Thought Machine,2.7,44529,United Kingdom,London,Financial Services
Starling Bank,2.69,44263,United Kingdom,London,Financial Services
Figure,2.68,45345,United States,Sunnyvale,Industrials
BackBase,2.66,44721,Netherlands,Amsterdam,Financial Services
ManoMano,2.6,44382,France,Paris,Consumer & Retail
Sourcegraph,2.62,44390,United States,San Francisco,Enterprise Tech
Pendo,2.6,43755,United States,Raleigh,Enterprise Tech
Plume,2.6,44250,United States,Palo Alto,Industrials
Moglix,2.6,44333,Singapore,Singapore City,Industrials
Axonius,2.6,44256,United States,New York,Enterprise Tech
Xinchao Media,2,43199,China,Chengdu,Media & Entertainment
JumpCloud,2.62,44452,United States,Louisville,Enterprise Tech
Unico,2.6,44411,Brazil,Sao Paulo,Enterprise Tech
Bending Spoons,2.55,45337,Italy,Milan,Consumer & Retail
Oura,2.55,44656,Finland,Oulu,Healthcare & Life Sciences
JUST Egg,2.59,43069,United States,San Francisco,Consumer & Retail
Cribl,2.5,44433,United States,San Francisco,Enterprise Tech
Jetti Resources,2.5,44858,United States,Boulder,Industrials
ChaBaiDao,2.52,45086,China,Chengdu,Consumer & Retail
Claroty,2.5,44364,United States,New York,Enterprise Tech
AlphaSense,2.5,44727,United States,New York,Enterprise Tech
Moonshot AI,2.5,45341,China,Beijing,Consumer & Retail
Vista Global,2.5,42970,United Arab Emirates,Dubai,Industrials
BYTON,2.5,43210,China,Nanjing,Industrials
Side,2.5,44277,United States,San Francisco,Financial Services
Spring Health,2.5,44455,United States,New York,Healthcare & Life Sciences
Infra.Market,2.5,44252,India,Thane,Industrials
Varo Bank,2.5,44448,United States,San Francisco,Financial Services
Cato Networks,3,44152,Israel,Tel Aviv,Enterprise Tech
Aura,2.5,44356,United States,Burlington,Consumer & Retail
Vercel,2.5,44370,United States,San Francisco,Enterprise Tech
Sysdig,2.5,44314,United States,San Francisco,Enterprise Tech
Zetwerk,2.8,44428,India,Bengaluru,Industrials
Uniphore,2.5,44608,United States,Palo Alto,Enterprise Tech
Somatus,2.5,44615,United States,McLean,Healthcare & Life Sciences
Immutable,2.5,44627,Australia,Sydney,Media & Entertainment
A24 Films,2.5,44629,United States,New York,Media & Entertainment
SiFive,2.5,44636,United States,San Mateo,Enterprise Tech
Games24x7,2.5,44650,India,Mumbai,Media & Entertainment
Fetch,2.5,44286,United States,Madison,Consumer & Retail
Coda Payments,2.5,44666,Singapore,Singapore City,Financial Services
DriveNets,2.5,44223,Israel,Ra'anana,Enterprise Tech
Hibob,2.45,44481,Israel,Tel Aviv,Enterprise Tech
Uala,2.45,44421,Argentina,Buenos Aires,Financial Services
Mobile Premier League,2.45,44454,India,Bengaluru,Media & Entertainment
insitro,2.44,44270,United States,South San Francisco,Healthcare & Life Sciences
Cgtz,2.41,42787,China,Hangzhou,Financial Services
Star Charge,2.41,44335,China,Changzhou,Industrials
Carbon,2.4,42236,United States,Redwood City,Industrials
Rokt,2.4,44546,United States,New York,Consumer & Retail
Paxos,2.4,44315,United States,New York,Financial Services
Exabeam,2.4,44348,United States,Foster City,Enterprise Tech
BitSight Technologies,2.4,44452,United States,Boston,Enterprise Tech
Trumid,2.4,44027,United States,New York,Financial Services
ABL Space Systems,2.4,44280,United States,El Segundo,Industrials
HoneyBook,2.4,44320,United States,San Francisco,Enterprise Tech
Beta Technologies,2.4,44670,United States,South Burlington,Industrials
Project44,2.62,44348,United States,Chicago,Enterprise Tech
Freenome,2.62,44069,United States,South San Francisco,Healthcare & Life Sciences
ManyPets,2.35,44348,United Kingdom,London,Insurance
Jobandtalent,2.35,44531,Spain,Madrid,Enterprise Tech
WEMAKEPRICE,2.34,42256,South Korea,Seoul,Consumer & Retail
Biren Technology,2.32,44061,China,Shanghai,Enterprise Tech
Glean,2.2,44699,United States,Palo Alto,Enterprise Tech
Voodoo,2.31,44060,France,Paris,Media & Entertainment
Shield AI,2.8,44432,United States,San Diego,Industrials
Uptake,2.3,42304,United States,Chicago,Industrials
Motive,2.85,43578,United States,San Francisco,Industrials
Greenlight,2.3,44098,United States,Atlanta,Financial Services
MoMo,2.27,44540,Vietnam,Ho Chi Minh City,Financial Services
Algolia,2.25,44405,United States,San Francisco,Enterprise Tech
Pattern,2.25,44475,United States,Lehi,Consumer & Retail
Newfront Insurance,2.2,44663,United States,San Francisco,Insurance
NuCom Group,2.2,43153,Germany,Unterfoehring,Consumer & Retail
Skydio,2.2,44252,United States,Redwood City,Industrials
MUSINSA,2.76,43780,South Korea,Seoul,Consumer & Retail
Current,2.2,44313,United States,New York,Financial Services
Bitso,2.2,44321,Mexico,Mexico City,Financial Services
Gympass,2.4,43628,United States,New York,Healthcare & Life Sciences
Dialpad,2.2,44110,United States,San Francisco,Enterprise Tech
G7 Networks,2.2,44607,China,Beijing,Industrials
BloomReach,2.2,44615,United States,Mountain View,Consumer & Retail
Motif FoodWorks,2.2,44363,United States,Boston,Industrials
Accelerant,2.4,44573,United Kingdom,Colchester,Insurance
YITU Technology,2.17,43167,China,Shanghai,Enterprise Tech
Addepar,2.17,44362,United States,Mountain View,Financial Services
Qualia,2.17,44186,United States,San Francisco,Financial Services
Neo4j,2,44364,United States,San Mateo,Enterprise Tech
CloudWalk,2.15,44447,Brazil,Sao Paulo,Financial Services
CoinDCX,2.15,44418,India,Maharashtra,Financial Services
Eightfold,2.1,44131,United States,Santa Clara,Enterprise Tech
Urban Company,2.1,44313,India,Gurgaon,Consumer & Retail
Moveworks,2.1,44377,United States,Mountain View,Enterprise Tech
Medable,2.1,44495,United States,Palo Alto,Healthcare & Life Sciences
GoCardless,2.1,44600,United Kingdom,London,Financial Services
Aledade,3.5,44215,United States,Bethesda,Healthcare & Life Sciences
FirstCry,3.75,43868,India,Pune,Consumer & Retail
Forto,2.1,44368,Germany,Berlin,Industrials
Jeeves,2.1,44634,United States,Orlando,Enterprise Tech
Viva Wallet,2.05,44912,Greece,Athens,Financial Services
CoreWeave,2.22,45036,United States,Roseland,Enterprise Tech
Mistral AI,2,45270,France,Paris,Enterprise Tech
Babel Finance,2,44706,Hong Kong,Hong Kong,Financial Services
Trendy Group International,2,40952,Hong Kong,Kowloon,Consumer & Retail
GrubMarket,2,44453,United States,San Francisco,Consumer & Retail
BeZero,2,44879,United Kingdom,London,Enterprise Tech
Cohere,2,45048,Canada,Toronto,Enterprise Tech
GO1,2,44396,Australia,Brisbane,Enterprise Tech
Clear Street,2,44680,United States,New York,Financial Services
Drata,2,44508,United States,San Diego,Enterprise Tech
Mysten Labs,2,44812,United States,San Francisco,Enterprise Tech
Avant,2,41260,United States,Chicago,Financial Services
Tubatu.com,2,42072,China,Shenzhen,Consumer & Retail
BlaBlaCar,2,42263,France,Paris,Consumer & Retail
HuiMin,2,42618,China,Beijing,Consumer & Retail
Preferred Networks,2,43237,Japan,Tokyo,Industrials
Formlabs,2,43313,United States,Somerville,Industrials
Calm,2,43502,United States,San Francisco,Healthcare & Life Sciences
Kaseya,2,43551,United States,Miami,Enterprise Tech
Mafengwo,2,43608,China,Beijing,Consumer & Retail
Druva,2,43636,United States,Sunnyvale,Enterprise Tech
Kujiale,2,43763,China,Hangzhou,Consumer & Retail
AppsFlyer,2,43851,United States,San Francisco,Enterprise Tech
Redis,2,44068,United States,Mountain View,Enterprise Tech
Xingyun Group,2,44098,China,Shenzhen,Consumer & Retail
Unqork,2,44110,United States,New York,Insurance
Virta Health,2,44167,United States,San Francisco,Healthcare & Life Sciences
ISN,2,44182,United States,Dallas,Industrials
Earnix,2,44248,Israel,Giv'atayim,Insurance
Clearco,2,44306,Canada,Toronto,Financial Services
Hive,2,44307,United States,San Francisco,Enterprise Tech
Kry,2,44313,Sweden,Stockholm,Healthcare & Life Sciences
Kajabi,2,44320,United States,Irvine,Media & Entertainment
Ethos,2.7,44327,United States,San Francisco,Insurance
PayFit,2.1,44567,United Kingdom,London,Enterprise Tech
Beisen,2,44327,China,Beijing,Enterprise Tech
Pipe,2,44335,United States,Miami,Financial Services
Iterable,2,44362,United States,San Francisco,Enterprise Tech
Astronergy,1.82,45132,China,Haining,Industrials
Helsing,1.82,45183,Germany,Munchen,Enterprise Tech
Bunq,1.8,44365,Netherlands,Amsterdam,Financial Services
Quest Global,1.8,45146,Singapore,Singapore City,Industrials
Clip,2,44357,Mexico,Mexico City,Financial Services
Loggi,2,43621,Brazil,Sao Paulo,Industrials
MURAL,2,44397,United States,San Francisco,Enterprise Tech
OCSiAl,2,43528,Luxembourg,Leudelange,Industrials
XtalPi,2,44419,China,Shenzhen,Healthcare & Life Sciences
Divvy Homes,2,44421,United States,San Francisco,Financial Services
Apeel Sciences,2,43977,United States,Goleta,Consumer & Retail
Opay,2,44431,Nigeria,Lagos,Financial Services
Aviatrix,2,44447,United States,Santa Clara,Enterprise Tech
SmartNews,2,43682,Japan,Tokyo,Media & Entertainment
Misfits Market,2,44307,United States,Pennsauken,Consumer & Retail
Black Sesame Technologies,2,44461,China,Shanghai,Industrials
Advance Intelligence Group,2,44462,Singapore,Singapore City,Financial Services
Modern Treasury,2,44475,United States,San Francisco,Financial Services
Magic Leap,2,41933,United States,Plantation,Enterprise Tech
ClickHouse,2,44497,United States,Portola Valley,Enterprise Tech
Everlaw,2,43900,United States,Oakland,Enterprise Tech
Zilch,2,44510,United Kingdom,London,Financial Services
VerbIT,2,44355,United States,New York,Enterprise Tech
StarkWare,8,44517,Israel,Netanya,Enterprise Tech
Netlify,2,44517,United States,San Francisco,Enterprise Tech
SWORD Health,2,44522,United States,New York,Healthcare & Life Sciences
LTK,2,44522,United States,Dallas,Media & Entertainment
Trax,2,43668,Singapore,Singapore City,Consumer & Retail
Exotec,2,44578,France,Croix,Industrials
Dremio,2,44202,United States,Santa Clara,Enterprise Tech
Akulaku,2,44607,Indonesia,Jakarta,Financial Services
Cloudinary,2,44607,United States,Santa Clara,Media & Entertainment
Lunar,2,44389,Denmark,Aarhus,Financial Services
UpGrad,2.25,44417,India,Mumbai,Consumer & Retail
Salsify,2,44664,United States,Boston,Consumer & Retail
CertiK,2,44651,United States,New York,Enterprise Tech
ROX Motor,2,44680,China,Shanghai,Industrials
Devo Technology,2,44495,United States,Cambridge,Enterprise Tech
ShiftKey,2,44937,United States,Dallas,Healthcare & Life Sciences
Rimac Automobili,2,44713,Croatia,Sveta Nedelja,Industrials
Geek+,2,43425,China,Beijing,Industrials
21.co,2,44810,United States,New York,Financial Services
Solugen,2,44449,United States,Houston,Industrials
ZigBang,1.93,44719,South Korea,Seoul,Financial Services
Ankorstore,1.98,44571,France,Paris,Consumer & Retail
InVision,1.9,43040,United States,New York,Enterprise Tech
eDaili,1.9,43497,China,Shanghai,Financial Services
commercetools,1.9,44452,Germany,Munich,Enterprise Tech
NinjaOne,1.9,45328,United States,Austin,Enterprise Tech
MX,1.9,44209,United States,Lehi,Financial Services
CoinSwitch,1.9,44475,India,Bangalore,Financial Services
Acorns,1.9,44629,United States,Irvine,Financial Services
Fever,1.96,44587,United States,New York,Media & Entertainment
Roofstock,1.94,44630,United States,Oakland,Financial Services
thatgamecompany,1.94,44623,United States,Los Angeles,Media & Entertainment
ConcertAI,1.9,44649,United States,Boston,Healthcare & Life Sciences
Material Bank,1.9,44687,United States,Boca Raton,Industrials
Volocopter,1.87,44624,Germany,Bruchsal,Industrials
ENOVATE,1.85,43570,China,Shanghai,Industrials
MEGAZONE,1.83,44789,South Korea,Seoul,Enterprise Tech
CFGI,1.85,44454,United States,Boston,Financial Services
ZocDoc,1.8,42236,United States,New York,Healthcare & Life Sciences
Scroll,1.8,44999,Seychelles,Victoria,Financial Services
Diamond Foundry,1.8,44284,United States,San Francisco,Industrials
Quantexa,1.8,45019,United Kingdom,London,Enterprise Tech
FullStory,1.8,44412,United States,Atlanta,Enterprise Tech
Lightricks,1.8,43677,Israel,Jerusalem,Media & Entertainment
Opentrons,1.8,44462,United States,New York,Healthcare & Life Sciences
Kindbody,1.8,44987,United States,Kindbody,Healthcare & Life Sciences
Slice,1.8,44528,India,Bengaluru,Financial Services
Cambrian BioPharma,1.79,44495,United States,Brooklyn,Healthcare & Life Sciences
AIWAYS,1.78,43206,China,Shanghai,Industrials
Trulioo,1.75,44354,Canada,Vancouver,Financial Services
BitGo,1.75,45154,United States,Palo Alto,Financial Services
Spinny,1.75,44524,India,Gurugram,Industrials
Crusoe,1.75,44672,United States,Denver,Industrials
Orca Security,1.8,44278,United States,Portland,Enterprise Tech
Apus Group,1.73,42020,China,Beijing,Consumer & Retail
Razor,1.7,44508,Germany,Berlin,Consumer & Retail
Micro Connect,1.7,45140,Hong Kong,Hong Kong,Financial Services
DailyPay,1.7,44334,United States,New York,Financial Services
Udaan,1.7,43347,India,Bengaluru,Consumer & Retail
Harry's,1.7,43147,United States,New York,Consumer & Retail
PAX,1.7,43395,United States,San Francisco,Consumer & Retail
DispatchHealth,1.7,44258,United States,Denver,Healthcare & Life Sciences
Pax8,1.7,44662,United States,Greenwood Village,Enterprise Tech
Multiverse,1.7,44720,United Kingdom,London,Enterprise Tech
Front,1.7,44740,United States,San Francisco,Enterprise Tech
Redesign Health,1.7,44817,United States,New York,Healthcare & Life Sciences
Tessera Therapeutics,1.69,44670,United States,Cambridge,Healthcare & Life Sciences
Ascend Elements,1.67,45175,United States,Westborough,Industrials
Uniswap,1.66,44847,United States,New York,Financial Services
Kredivo Holdings,1.66,44788,Singapore,Singapore City,Financial Services
Unite Us,1.6,44271,United States,New York,Healthcare & Life Sciences
CircleCI,1.7,44327,United States,San Francisco,Enterprise Tech
Wave,1.7,44446,Senegal,Dakar,Financial Services
Dragos,1.7,44497,United States,Hanover,Industrials
Reltio,1.7,44504,United States,Redwood City,Enterprise Tech
H2O.ai,1.7,44507,United States,Mountain View,Enterprise Tech
ZenBusiness,1.7,44509,United States,Austin,Enterprise Tech
Carsome,1.7,44389,Malaysia,Selangor,Industrials
Productboard,1.73,44594,United States,San Francisco,Enterprise Tech
Spotter,1.7,44608,United States,Los Angeles,Financial Services
Optimism,1.65,44637,United States,San Francisco,Enterprise Tech
Incredible Health,1.65,44790,United States,San Francisco,Healthcare & Life Sciences
Jusfoun Big Data,1.62,43290,China,Beijing,Enterprise Tech
Transcarent,1.62,44572,United States,San Francisco,Healthcare & Life Sciences
DealShare,1.7,44588,India,Bengaluru,Consumer & Retail
Zhubajie,1.61,42171,China,Chongqing,Enterprise Tech
Solaris,1.6,44390,Germany,Berlin,Financial Services
Apollo,1.6,45167,United States,Covina,Enterprise Tech
DataStax,1.6,44342,United States,Santa Clara,Enterprise Tech
Infinidat,1.6,42123,United States,Waltham,Enterprise Tech
Afiniti,1.6,42839,Bermuda,Hamilton,Enterprise Tech
Cao Cao Mobility,1.6,43117,China,Hangzhou,Industrials
Clari,2.6,44258,United States,Sunnyvale,Enterprise Tech
Clio,1.6,44313,Canada,Burnaby,Enterprise Tech
SafetyCulture,1.76,44319,Australia,Sydney,Industrials
Monte Carlo,1.6,44705,United States,San Francisco,Enterprise Tech
Cresta,1.6,44637,United States,San Francisco,Enterprise Tech
Extend,1.36,44334,United States,San Francisco,Insurance
Employment Hero,1.37,45217,Australia,Sydney,Enterprise Tech
Generate Biomedicines,1.36,44518,United States,Cambridge,Healthcare & Life Sciences
Lambda Labs,1.5,45204,United States,San Francisco,Enterprise Tech
Cognite,1.5,44335,Norway,Lysaker,Industrials
ASAPP,1.6,44335,United States,New York,Enterprise Tech
SmartHR,1.6,44355,Japan,Tokyo,Enterprise Tech
Mercury,1.6,44380,United States,San Francisco,Financial Services
HomeLight,1.7,44441,United States,San Francisco,Financial Services
Truepill,1.6,44496,United States,Hayward,Healthcare & Life Sciences
ezCater,1.6,43557,United States,Boston,Consumer & Retail
Wayflyer,1.6,44593,Ireland,Dublin,Financial Services
Capitolis,1.6,44642,United States,New York,Financial Services
Vanta,1.6,44719,United States,San Francisco,Enterprise Tech
Magic Eden,1.6,44733,United States,San Francisco,Media & Entertainment
Pave,1.6,44740,United States,San Francisco,Enterprise Tech
Astranis,1.6,44300,United States,San Francisco,Industrials
Promasidor Holdings,1.59,42682,South Africa,Bryanston,Consumer & Retail
GalaxySpace,1.58,44152,China,Beijing,Industrials
Icon,1.57,44610,United States,Austin,Industrials
Fresh Life Style Supply Chain Management,1.57,44631,China,Chengdu,Consumer & Retail
Alloy,1.55,44469,United States,New York,Financial Services
Baiwang,1.55,43549,China,Beijing,Enterprise Tech
Iluvatar CoreX,1.55,44256,China,Shanghai,Enterprise Tech
Wenheyou,1.55,44303,China,Hunan,Consumer & Retail
Kitopi,1.55,44378,United Arab Emirates,Dubai,Consumer & Retail
Ximalaya FM,1.52,43000,China,Shanghai,Media & Entertainment
Carzone,1.52,43525,China,Jiangsu,Industrials
Tabby,1.5,45231,United Arab Emirates,Dubai,Financial Services
Runway,1.5,45050,United States,New York,Media & Entertainment
OpenWeb,1.5,44509,United States,New York,Media & Entertainment
bolttech,1.5,44378,Singapore,Singapore City,Insurance
First Mode,1.5,44902,United States,Seattle,Industrials
Mu Sigma,1.5,41312,United States,Northbrook,Enterprise Tech
Kushki,1.5,44719,Ecuador,Quito,Financial Services
Jasper,1.5,44851,United States,Austin,Enterprise Tech
Orna Therapeutics,1.5,44789,United States,Cambridge,Healthcare & Life Sciences
TuJia,1.5,42172,China,Beijing,Consumer & Retail
Mofang Living,1.5,42473,China,Shanghai,Consumer & Retail
Gett,1.5,42514,United Kingdom,London,Industrials
DT Dream,1.5,42894,China,Hangzhou,Enterprise Tech
Changingedu,1.5,43038,China,Shanghai,Consumer & Retail
XiaoZhu,1.5,43040,China,Beijing,Consumer & Retail
JOLLY Information Technology,1.5,43249,China,Hangzhou,Consumer & Retail
Yijiupi,1.5,43363,China,Beijing,Consumer & Retail
Cambridge Mobile Telematics,1.5,43453,United States,Cambridge,Insurance
Collective Health,1.5,43633,United States,San Francisco,Healthcare & Life Sciences
Strava,1.5,44151,United States,San Francisco,Healthcare & Life Sciences
Zenoti,1.5,44180,United States,Bellevue,Consumer & Retail
K Health,1.5,44215,United States,New York,Healthcare & Life Sciences
Uplight,1.5,44258,United States,Boulder,Industrials
ID.me,1.5,44274,United States,McLean,Consumer & Retail
Snapdocs,1.5,44341,United States,San Francisco,Financial Services
Chipper Cash,2,44347,United States,San Francisco,Financial Services
SHIFT UP,1.47,45226,South Korea,Seoul,Media & Entertainment
Ledger,1.47,44357,France,Paris,Financial Services
Next Silicon,1.5,44361,Israel,Tel Aviv,Enterprise Tech
YQNlink,1.5,44376,China,Shanghai,Industrials
impact.com,1.5,44390,United States,Santa Barbara,Enterprise Tech
SmartRecruiters,1.5,44397,United States,San Francisco,Enterprise Tech
NotCo,1.5,44403,Chile,Santiago,Consumer & Retail
Culture Amp,1.5,44406,Australia,Richmond,Enterprise Tech
TaxBit,1.5,44412,United States,Draper,Financial Services
Pacaso,1.5,44279,United States,Cincinnati,Financial Services
1047 Games,1.5,44453,United States,Zephyr Cove,Media & Entertainment
Matillion,1.5,44454,United Kingdom,Altrincham,Enterprise Tech
Persona,1.5,44454,United States,San Francisco,Enterprise Tech
Ascend Money,1.5,44466,Thailand,Bangkok,Financial Services
Andela,1.5,44468,United States,New York,Enterprise Tech
Built,1.5,44469,United States,Nashville,Financial Services
CoinList,1.5,44484,United States,San Francisco,Financial Services
Lusha,1.5,44510,United States,New York,Enterprise Tech
cult.fit,1.5,44510,India,Bengaluru,Healthcare & Life Sciences
Olist,1.5,44545,Brazil,Curitiba,Consumer & Retail
Paradox,1.5,44557,United States,Scottsdale,Enterprise Tech
Airbyte,1.5,44547,United States,San Francisco,Enterprise Tech
StoreDot,1.5,44565,Israel,Herzliya,Industrials
Spendesk,1.5,44579,France,Paris,Enterprise Tech
Veriff,1.5,44587,Estonia,Tallinn,Enterprise Tech
ElasticRun,1.5,44599,India,Pune,Industrials
Veho,1.5,44551,United States,Boulder,Consumer & Retail
Temporal,1.5,44608,United States,Bellevue,Enterprise Tech
Fabric,1.5,44616,United States,Bellevue,Consumer & Retail
Zeta,1.5,44340,United States,San Francisco,Financial Services
Boba,1.5,44656,United States,San Francisco,Enterprise Tech
Upside,1.5,44677,United States,DC,Consumer & Retail
Mashgin,1.5,44690,United States,Palo Alto,Consumer & Retail
Dock,1.5,44693,Brazil,Sao Paulo,Financial Services
Prometheus,1.5,44462,United States,Santa Cruz,Industrials
5ire,1.5,44757,United Kingdom,London,Enterprise Tech
Yipin Shengxian,1.49,43535,China,Hefei,Consumer & Retail
Bordrin Motors,1.48,43619,China,Shanghai,Industrials
Arcadia,1.48,44691,United States,DC,Enterprise Tech
VTS,1.47,43592,United States,New York,Financial Services
Shukun Technology,1.46,44424,China,Beijing,Healthcare & Life Sciences
Huasun,1.46,44945,China,Xuancheng,Industrials
Loft,1.46,43833,Brazil,Sao Paulo,Financial Services
Coocaa,1.45,43175,China,Shenzhen,Media & Entertainment
Juma Peisong,1.45,43430,China,Chengdu,Industrials
Ouyeel,1.45,43643,China,Shanghai,Industrials
Gymshark,1.45,44057,United Kingdom,Solihull,Consumer & Retail
M1,1.45,44391,United States,Chicago,Financial Services
Aleo,1.45,44599,United States,San Francisco,Enterprise Tech
Einride,1.44,44561,Sweden,Stockholm,Industrials
Justworks,1.43,43858,United States,New York,Enterprise Tech
Valgen Medtech,1.43,44322,China,Hangzhou,Healthcare & Life Sciences
SonderMind,1.42,44405,United States,Denver,Healthcare & Life Sciences
Fox Ess,1.4,45072,China,Wenzhou,Industrials
Zepto,1.4,45163,India,Mumbai,Consumer & Retail
Amagi,1.4,44636,India,Bengaluru,Media & Entertainment
Liquid Death,1.4,45362,United States,Santa Monica,Consumer & Retail
Papa,1.4,44504,United States,Miami,Healthcare & Life Sciences
Xpressbees,1.4,44601,India,Pune,Consumer & Retail
Figment,1.4,44550,Canada,Toronto,Financial Services
Envoy,1.4,44572,United States,San Francisco,Enterprise Tech
Deliverect,1.4,44585,Belgium,Ghent,Consumer & Retail
SparkCognition,1.4,44586,United States,Austin,Enterprise Tech
Liquidity,1.4,44977,Israel,Tel Aviv,Financial Services
Firebolt,1.4,44587,Israel,Tel Aviv,Enterprise Tech
AI21 Labs,1.4,45168,Israel,Tel Aviv,Enterprise Tech
Koudai,1.4,41935,China,Beijing,Consumer & Retail
Symphony,1.4,42871,United States,New York,Financial Services
Yidian Zixun,1.4,43025,China,Beijing,Media & Entertainment
Cabify,1.4,43122,Spain,Madrid,Industrials
Hive Box,1.4,43123,China,Shenzhen,Consumer & Retail
Away,1.4,43600,United States,New York,Consumer & Retail
Kong,1.4,44196,United States,San Francisco,Enterprise Tech
Epidemic Sound,1.4,44266,Sweden,Stockholm,Media & Entertainment
Yotpo,1.4,44273,United States,New York,Consumer & Retail
Rebel Foods,1.4,44476,India,Pune,Consumer & Retail
Coda,1.4,44385,United States,Mountain View,Enterprise Tech
Stash,1.4,44230,United States,New York,Financial Services
Rad Power Bikes,1.4,44497,United States,Seattle,Industrials
Clarify Health,1.4,44656,United States,San Francisco,Healthcare & Life Sciences
Bucketplace,1.4,44690,South Korea,Seoul,Consumer & Retail
Paddle,1.4,44690,United Kingdom,London,Enterprise Tech
OneCard,1.4,44755,India,Pune,Financial Services
boAT,1.4,44862,India,Mumbai,Consumer & Retail
Phenom People,1.4,44293,United States,Ambler,Enterprise Tech
GupShup,1.4,44294,United States,San Francisco,Enterprise Tech
Degreed,1.4,44299,United States,Pleasanton,Enterprise Tech
Scalable Capital,1.4,44355,Germany,Munich,Financial Services
VideoAmp,1.4,44490,United States,Los Angeles,Enterprise Tech
Panther Labs,1.4,44532,United States,San Francisco,Enterprise Tech
Salt Security,1.4,44602,United States,Palo Alto,Enterprise Tech
Tripledot,1.4,44606,United Kingdom,London,Media & Entertainment
Nimble Rx,1.4,44726,United States,Redwood City,Healthcare & Life Sciences
Veepee,1.38,39265,France,La Plaine Saint-Denis,Consumer & Retail
Neon,1.38,44606,Brazil,Sao Paulo,Financial Services
Movable Ink,1.36,44679,United States,New York,Enterprise Tech
Patreon,1.35,44076,United States,San Francisco,Media & Entertainment
DeepBlue Technology,1.35,43206,China,Shanghai,Consumer & Retail
Klook,1.35,43319,Hong Kong,Central,Consumer & Retail
Epirus,1.35,44606,United States,Hawthorne,Industrials
Signifyd,1.34,44301,United States,San Jose,Consumer & Retail
Jaguar Microsystems,1.34,44735,China,Shenzhen,Industrials
Motorway,1.33,44529,United Kingdom,London,Industrials
RIDI,1.33,44585,South Korea,Seoul,Media & Entertainment
Lyten,1.33,45181,United States,San Jose,Industrials
Flipboard,1.32,42207,United States,Palo Alto,Media & Entertainment
GPclub,1.32,43395,South Korea,Seoul,Consumer & Retail
Tongdun Technology,1.32,43580,China,Hangzhou,Enterprise Tech
Athletic Greens,1.32,44586,United States,New York,Healthcare & Life Sciences
Unisound,1.31,43300,China,Beijing,Enterprise Tech
Alzheon,1.31,44104,United States,Framingham,Healthcare & Life Sciences
MasterControl,1.3,44910,United States,Salt Lake City,Healthcare & Life Sciences
eFishery,1.3,45071,Indonesia,Bandung,Industrials
Zum,1.3,45322,United States,Redwood City,Industrials
HeartFlow,1.3,43073,United States,Redwood City,Healthcare & Life Sciences
Shiprocket,1.23,44789,India,New Delhi,Consumer & Retail
The Brandtech Group,1.3,43788,United States,New York,Enterprise Tech
HashKeyHashKey,1.3,45307,Hong Kong,Hong Kong,Financial Services
Insightec,1.3,43896,Israel,Tirat Carmel,Healthcare & Life Sciences
Everly Health,1.3,44168,United States,Austin,Healthcare & Life Sciences
Manner,1.3,44189,China,Shanghai,Consumer & Retail
TalkingData,1.3,44202,China,Beijing,Enterprise Tech
DistroKid,1.3,44424,United States,New York,Media & Entertainment
Konfio,1.3,44468,Mexico,Mexico City,Financial Services
Betterment,1.3,44468,United States,New York,Financial Services
Flock Freight,1.3,44489,United States,Encinitas,Industrials
YugaByte,1.3,44497,United States,Sunnyvale,Enterprise Tech
Lukka,1.3,44575,United States,New York,Financial Services
TravelPerk,1.3,44573,Spain,Barcelona,Enterprise Tech
iTrustCapital,1.3,44572,United States,Long Beach,Financial Services
Domestika,1.3,44588,United States,Berkeley,Media & Entertainment
CoinTracker,1.3,44588,United States,San Francisco,Financial Services
Loadsmart,1.3,44593,United States,New York,Industrials
TUNGEE,1.3,44545,China,Guangzhou,Enterprise Tech
Yubi,1.5,44627,India,Chennai,Financial Services
LinkTree,1.3,44636,Australia,Melbourne,Media & Entertainment
Island,1.5,44643,United States,Dallas,Enterprise Tech
Clipboard Health,1.3,44593,United States,San Francisco,Healthcare & Life Sciences
Biofourmis,1.3,44677,United States,Boston,Healthcare & Life Sciences
STORD,1.3,44452,United States,Atlanta,Industrials
Optibus,1.3,44697,Israel,Tel Aviv,Industrials
Keyfactor,1.3,45223,United States,Independence,Enterprise Tech
Equashield,1.3,44840,United States,Port Washington,Healthcare & Life Sciences
Intercom,1.28,43186,United States,San Francisco,Enterprise Tech
OVO Energy,1.28,43510,United Kingdom,Bristol,Industrials
Huisuanzhang,1.28,44340,China,Beijing,Financial Services
WTOIP,1.27,43198,China,Guangzhou,Enterprise Tech
PeopleCert,1.27,44370,Greece,Athens,Enterprise Tech
Greater Bay Technology,1.26,44653,China,Guangzhou,Industrials
JMGO,1.26,44635,China,Shenzhen,Industrials
BigID,1.25,44181,United States,New York,Enterprise Tech
Polyhedra Network,1.25,45365,United States,San Francisco,Enterprise Tech
Kuaikan Manhua,1.25,43070,China,Beijing,Media & Entertainment
Marshmallow,1.25,44447,United Kingdom,London,Insurance
Honor Technology,1.25,44474,United States,San Francisco,Healthcare & Life Sciences
Together AI,1.25,45364,United States,San Francisco,Enterprise Tech
QI Tech,1,45230,Brazil,Sao Paulo,Financial Services
Mythical Games,1,44504,United States,Sherman Oaks,Media & Entertainment
Incode Technologies,1.25,44537,United States,San Francisco,Enterprise Tech
Tackle.io,1.25,44551,United States,Boise,Enterprise Tech
Flipdish,1.25,44574,Ireland,Dublin,Consumer & Retail
CaptivateIQ,1.25,44587,United States,San Francisco,Enterprise Tech
Talos,1.25,44691,United States,New York,Financial Services
airSlate,1.25,44728,United States,Brookline,Enterprise Tech
ClassDojo,1.25,44763,United States,San Francisco,Consumer & Retail
BrewDog,1.24,42835,United Kingdom,Aberdeen,Consumer & Retail
Enflame,1.24,44201,China,Shanghai,Enterprise Tech
Shulan Health,1.24,44256,China,Hangzhou,Healthcare & Life Sciences
SeatGeek,1.24,44804,United States,New York,Media & Entertainment
Nexii,1.23,44447,Canada,Vancouver,Industrials
InDrive,1.23,44228,United States,Mountain View,Industrials
Spiber,1.22,44447,Japan,Tsuruoka,Industrials
Insider,2,44620,Turkey,Istanbul,Enterprise Tech
Kallyope,1.22,44607,United States,New York,Healthcare & Life Sciences
Zip,1.5,44706,United States,San Francisco,Enterprise Tech
Cart.com,1.2,45104,United States,Austin,Consumer & Retail
Replit,1.05,45041,United States,San Francisco,Enterprise Tech
Mews,1.2,45355,Netherlands,Amsterdam,Enterprise Tech
Our Next Energy,1.2,44958,United States,Novi,Industrials
Lightmatter,1.2,45279,United States,Mountain View,Enterprise Tech
Castore,1.2,45259,United Kingdom,Manchester,Consumer & Retail
Yiguo,1.2,42683,China,Shanghai,Consumer & Retail
Glossier,1.65,43543,United States,New York,Consumer & Retail
Workhuman,1.2,44005,Ireland,Dublin,Enterprise Tech
Qumulo,1.2,44028,United States,Seattle,Enterprise Tech
Tealium,1.2,44230,United States,San Diego,Enterprise Tech
Public,1.2,44244,United States,New York,Financial Services
Pipa Coding,1.2,44280,China,Beijing,Consumer & Retail
Pilot,1.2,44281,United States,San Francisco,Financial Services
Aibee,1.2,44299,China,Beijing,Enterprise Tech
Vectra Networks,1.2,44315,United States,San Jose,Enterprise Tech
Ada,1.2,44323,Canada,Toronto,Enterprise Tech
SmartMore,1.2,44371,China,Shenzhen,Industrials
Rohlik Group,1.2,44378,Czech Republic,Prague,Consumer & Retail
FloQast,1.2,44398,United States,Los Angeles,Financial Services
MindTickle,1.2,44411,United States,San Francisco,Enterprise Tech
Offchain Labs,1.2,44439,United States,Princeton,Enterprise Tech
Copado,1.2,44452,United States,Chicago,Enterprise Tech
Gem,1.2,44467,United States,San Francisco,Enterprise Tech
CarDekho,1.2,44482,India,Jaipur,Industrials
The Good Glamm Group,1.2,44510,India,Mumbai,Consumer & Retail
AgentSync,1.2,44537,United States,Denver,Insurance
Pristyn Care,1.4,44537,India,Gurugram,Healthcare & Life Sciences
Merama,1.2,44539,Mexico,Mexico City,Consumer & Retail
SeekOut,1.2,44573,United States,Bellevue,Enterprise Tech
BigPanda,1.2,44573,United States,Mountain View,Enterprise Tech
Phantom,1.2,44592,United States,San Francisco,Financial Services
LivSpace,1.2,44600,India,Bengaluru,Consumer & Retail
Nova Labs,1.2,44614,United States,San Francisco,Enterprise Tech
Choco,1.2,44663,Germany,Berlin,Consumer & Retail
Viz.ai,1.2,44658,United States,San Francisco,Healthcare & Life Sciences
Unit,1.2,44698,United States,New York,Financial Services
stori,1.2,44757,Mexico,Juarez,Financial Services
Spectrum Medical,1.2,44760,United Kingdom,Gloucester,Healthcare & Life Sciences
Swiftly,1.2,44823,United States,Seattle,Consumer & Retail
CloudBees,1.15,44539,United States,San Jose,Enterprise Tech
Flink,1.07,44531,Germany,Berlin,Consumer & Retail
Colossal,1.19,44957,United States,Austin,Healthcare & Life Sciences
L&P Cosmetic,1.19,42370,South Korea,Seoul,Consumer & Retail
Mininglamp Technology,1.19,43551,China,Beijing,Enterprise Tech
Vestiaire Collective,1.18,44256,France,Paris,Consumer & Retail
Luoji Siwei,1.18,42936,China,Beijing,Media & Entertainment
Yimidida,1.17,43479,China,Shanghai,Industrials
Modern Health,1.17,44238,United States,San Francisco,Healthcare & Life Sciences
IRL,1.17,44362,United States,San Francisco,Media & Entertainment
Younited,1.16,44903,France,Paris,Financial Services
Uzum,1.16,45377,Uzbekistan,Tashkent,Financial Services
SOURCE Global,1.16,44680,United States,Scottsdale,Industrials
LifeMiles,1.15,42198,Colombia,Bogota,Consumer & Retail
Venafi,1.15,44175,United States,Salt Lake City,Enterprise Tech
Guideline,1.15,44363,United States,San Mateo,Financial Services
Rebellion Defense,1.15,44455,United States,Washington DC,Industrials
Elemy,1.15,44475,United States,San Francisco,Healthcare & Life Sciences
TELD,1.12,43815,China,Qingdao,Industrials
Enable,1.12,45237,United States,San Francisco,Enterprise Tech
DANA,1.13,44783,Indonesia,Jakarta,Financial Services
At-Bay,1.12,44404,United States,Mountain View,Insurance
Visby Medical,1.12,44621,United States,San Jose,Healthcare & Life Sciences
Invoca,1.1,44726,United States,Santa Barbara,Enterprise Tech
ElevenLabs,1.1,45313,United States,New York,Enterprise Tech
Wasabi,1.1,44831,United States,Boston,Enterprise Tech
Halan,1,44958,Egypt,Cairo,Financial Services
BioCatch,1,45250,Israel,Tel Aviv,Enterprise Tech
Baichuan AI,1,45216,China,Beijing,Enterprise Tech
Rokid,1,45250,United States,Redwood City,Media & Entertainment
Krutrim,1,45317,India,Bengaluru,Enterprise Tech
Headway,1,45204,United States,Orlando,Healthcare & Life Sciences
Flexe,1,44672,United States,Seattle,Industrials
TangoMe,1.1,41718,United States,Mountain View,Media & Entertainment
AppDirect,1.1,42284,United States,San Francisco,Enterprise Tech
Juanpi,1.1,42474,China,Wuhan,Consumer & Retail
OVH,1.1,42597,France,Roubaix,Enterprise Tech
GetYourGuide,2,43601,Germany,Berlin,Consumer & Retail
Ivalua,1.1,43606,United States,Redwood City,Enterprise Tech
Sisense,1.1,43839,United States,New York,Enterprise Tech
Pharmapacks,1.1,44147,United States,Islandia,Consumer & Retail
Sennder,1.1,44210,Germany,Berlin,Industrials
Nexthink,1.1,44235,Switzerland,Prilly,Enterprise Tech
Zego,1.1,44264,United Kingdom,London,Insurance
Rightway,1.1,44285,United States,New York,Healthcare & Life Sciences
Sunbit,1.1,44336,United States,Los Angeles,Financial Services
Qingting FM,1.1,44349,China,Shanghai,Media & Entertainment
G2,1.1,44369,United States,Chicago,Enterprise Tech
Hailo,1,44481,Israel,Tel Aviv,Enterprise Tech
Caribou,1.1,44704,United States,Denver,Insurance
Nowports,1.1,44705,Mexico,Monterrey,Industrials
People.ai,1.1,44419,United States,San Francisco,Enterprise Tech
Carousell,1.1,44454,Singapore,Singapore City,Consumer & Retail
apna,1.1,44454,India,Bengaluru,Enterprise Tech
Karat,1.1,44482,United States,Seattle,Enterprise Tech
Enpal,1.1,44487,Germany,Berlin,Industrials
Acko General Insurance,1.1,44497,India,Bengaluru,Insurance
Daily Harvest,1.1,44516,United States,New York,Consumer & Retail
The Bank of London,1.1,44530,United Kingdom,London,Financial Services
Fundbox,1.1,44530,United States,San Francisco,Financial Services
Turing,1.1,44550,United States,Palo Alto,Enterprise Tech
GlobalBees,1.1,44558,India,New Delhi,Consumer & Retail
LEAD,1.1,44574,India,Andheri,Consumer & Retail
eSentire,1.1,44614,Canada,Waterloo,Enterprise Tech
Beyond Identity,1.1,44614,United States,New York,Enterprise Tech
Staffbase,1.1,44635,Germany,Chemnitz,Enterprise Tech
Chief,1.1,44651,United States,New York,Consumer & Retail
IntelyCare,1.1,44657,United States,Quincy,Healthcare & Life Sciences
Teleport,1.1,44684,United States,Oakland,Enterprise Tech
Imply Data,1.1,44698,United States,Burlingame,Enterprise Tech
Material Security,1.1,44692,United States,Redwood City,Enterprise Tech
PhysicsWallah,1.1,44719,India,Uttar Pradesh,Consumer & Retail
Recover,1.1,44721,Spain,Banyeres de Mariola,Industrials
Purplle,1.1,44721,India,Mumbai,Consumer & Retail
CAIS,1.1,44572,United States,New York,Financial Services
Nxin,1.08,43361,China,Beijing,Industrials
UISEE Technology,1.08,44221,China,Beijing,Industrials
56PINGTAI,1.08,44221,China,Shanghai,Industrials
Cirkul,1.07,44725,United States,Sarasota,Consumer & Retail
Radius Payment Solutions,1.07,43066,United Kingdom,Crewe,Industrials
InCred,1.05,45239,India,Mumbai,Financial Services
0x,1.05,44677,United States,San Francisco,Financial Services
Jiuxian,1.05,42215,China,Beijing,Consumer & Retail
Instabase,2,43759,United States,San Francisco,Enterprise Tech
Sendbird,1.05,44292,United States,San Mateo,Enterprise Tech
Density,1.05,44510,United States,San Francisco,Enterprise Tech
Mixpanel,1.05,44515,United States,San Francisco,Enterprise Tech
Branch,1.05,44621,United States,Columbus,Insurance
OrCam Technologies,1.03,43151,Israel,Jerusalem,Healthcare & Life Sciences
B&C Chemical,1.02,45035,China,Pizhou,Industrials
Ample,1.02,44511,United States,San Francisco,Industrials
BlackBuck,1.02,44399,India,Bengaluru,Industrials
Wheel,1.01,44580,United States,Austin,Healthcare & Life Sciences
Vestwell,1,45281,United States,New York,Financial Services
Minute Media,1,45321,United States,New York,Media & Entertainment
Perfios,1,45364,India,Mumbai,Financial Services
Tamara,1,45278,Saudi Arabia,Riyadh,Financial Services
Xreal,1,45320,China,Beijing,Media & Entertainment
Silverfort,1,45314,Israel,Tel Aviv,Enterprise Tech
IntraBio,1,45374,United Kingdom,Oxfordshire,Healthcare & Life Sciences
Andalusia Labs,1,45273,United Arab Emirates,Abu Dhabi,Enterprise Tech
EmployerDirect Healthcare,1,45279,United States,Dallas,Healthcare & Life Sciences
Electric Hydrogen,1,45202,United States,Natick,Industrials
TechMet,1,45267,Ireland,Dublin,Industrials
MaintainX,1,45266,United States,San Fransisco,Enterprise Tech
01.AI,1,45235,China,Beijing,Enterprise Tech
MindMaze,1,44609,Switzerland,Lausanne,Health
Avenue One,1,45061,United States,New York,Financial Services
DataSnipper,1,45323,Netherlands,Amsterdam,Enterprise Tech
Zhipu AI,1,45189,China,Beijing,Enterprise Tech
Flashbots,1,45128,Cayman Islands,Grand Cayman,Enterprise Tech
Typeface,1,45106,United States,Los Altos,Enterprise Tech
Imbue,1,45176,United States,San Francisco,Enterprise Tech
Restaurant365,1,45065,United States,Irvine,Consumer & Retail
Kin,1,45182,United States,Chicago,Insurance
DeepL,1,44937,Germany,Cologne,Enterprise Tech
KoBold Metals,1,45097,United States,Berkeley,Industrials
Go,1,45070,Japan,Tokyo,Industrials
Percent,1,43434,China,Beijing,Enterprise Tech
1Komma5,1.08,45100,Germany,Hamburg,Industrials
Gradiant,1,45063,United States,Woburn,Industrials
Palmetto,1,44616,United States,Charleston,Industrials
Synthesia,1,45090,United Kingdom,London,Enterprise Tech
Prove Identity,1,44000,United States,New York,Enterprise Tech
Character.AI,1,44988,United States,Menlo Park,Media & Entertainment
Atmosphere,1,44964,United States,Austin,Media & Entertainment
Adept,1,44999,United States,San Francisco,Enterprise Tech
Beamery,1,44908,United Kingdom,London,Enterprise Tech
Flow,1,44788,United States,New York,Financial Services
Xanadu,1,44874,Canada,Toronto,Enterprise Tech
LINE MAN Wongnai,1,44830,Thailand,Bangkok,Consumer & Retail
Celestia,1,44853,Liechtenstein,Vaduz,Enterprise Tech
Stability AI,1,44839,United Kingdom,London,Enterprise Tech
Satispay,1,44832,Italy,Milan,Financial Services
Paystand,1,44775,United States,Scotts Valley,Financial Services
Turntide Technologies,1,44727,United States,Sunnyvale,Industrials
EcoVadis,1,44726,France,Paris,Enterprise Tech
TransferMate,1,44703,Ireland,Kilkenny,Financial Services
Lookout,1,41557,United States,San Francisco,Enterprise Tech
Snapdeal,1,41780,India,New Delhi,Consumer & Retail
TechStyle Fashion Group,1,41880,United States,El Segundo,Consumer & Retail
Zebec,1,44802,United States,San Francisco,Financial Services
InMobi,1,41975,India,Bengaluru,Enterprise Tech
LinkSure Network,1,42005,China,Shanghai,Industrials
Red Ventures,1,42011,United States,Fort Mill,Media & Entertainment
BeiBei,1,42026,China,Hangzhou,Consumer & Retail
Lamabang,1,42069,China,Shenzhen,Consumer & Retail
Jimu,1,42115,China,Beijing,Financial Services
ShareCRM,1,42187,China,Beijing,Enterprise Tech
Mia.com,1,42255,China,Beijing,Consumer & Retail
58 Daojia,1,42289,China,Beijing,Consumer & Retail
Womai,1,42289,China,Beijing,Consumer & Retail
HuJiang,1,42306,China,Shanghai,Consumer & Retail
iTutorGroup,1,42326,China,Shanghai,Consumer & Retail
iCarbonX,1,42472,China,Shenzhen,Healthcare & Life Sciences
Kendra Scott,1,42725,United States,Austin,Consumer & Retail
Mobvoi,1,42831,China,Beijing,Consumer & Retail
Zhuan Zhuan,1,42843,China,Beijing,Consumer & Retail
Modernizing Medicine,1,42865,United States,Boca Raton,Healthcare & Life Sciences
DianRong,1,42949,China,Shanghai,Financial Services
YH Global,1,42999,China,Shenzhen,Industrials
Revolution Precrafted,1,43031,Philippines,Manila,Industrials
WeLab,1,43047,Hong Kong,Hong Kong,Financial Services
Maimai,1,43054,China,Beijing,Media & Entertainment
Dxy.cn,1,43200,China,Hangzhou,Healthcare & Life Sciences
HMD Global,1,43241,Finland,Espoo,Industrials
Huike Group,1,43244,China,Beijing,Enterprise Tech
ChinaC.com,1,43262,China,Wuxi,Enterprise Tech
LinkDoc Technology,1,43286,China,Beijing,Healthcare & Life Sciences
Movile,1,43293,Brazil,Sao Paulo,Consumer & Retail
Pat McGrath Labs,1,43297,United States,New York,Consumer & Retail
Wacai,1,43299,China,Hangzhou,Financial Services
FlashEx,1,43339,China,Beijing,Industrials
Banma Network Technologies,1,43356,China,Shanghai,Industrials
Tresata,1,43383,United States,Charlotte,Financial Services
Momenta,1,43390,China,Beijing,Industrials
Hosjoy,1,43391,China,Nanjing,Consumer & Retail
Omio,1,43396,Germany,Berlin,Consumer & Retail
TERMINUS Technology,1,43398,China,Beijing,Industrials
BitFury,1,43410,Netherlands,Amsterdam,Enterprise Tech
REEF Technology,1,43444,United States,Miami,Industrials
Globality,1,43487,United States,Menlo Park,Enterprise Tech
Ynsect,1,43517,France,Evry,Industrials
Poizon,1,43584,China,Shanghai,Consumer & Retail
SITECH DEV,1,43601,China,Guiyang,Industrials
KnowBox,1,43615,China,Beijing,Consumer & Retail
Yanolja,1,43626,South Korea,Seoul,Consumer & Retail
Meero,1,43634,France,Paris,Media & Entertainment
Ibotta,1,43683,United States,Denver,Consumer & Retail
C2FO,1,43684,United States,Leawood,Financial Services
Numbrs,1,43699,Switzerland,Zurich,Financial Services
EBANX,1,43754,Brazil,Curitiba,Financial Services
KK Group,3,43761,China,Dongguan,Consumer & Retail
Hotmart,1,43907,Netherlands,Amsterdam,Consumer & Retail
Dubizzle Group,1,43949,United Arab Emirates,Dubai,Consumer & Retail
Quizlet,1,43964,United States,San Francisco,Consumer & Retail
Orca Bio,1,43999,United States,Menlo Park,Healthcare & Life Sciences
Infobip,1,44042,Croatia,Vodnjan,Enterprise Tech
Zwift,1,44090,United States,Long Beach,Healthcare & Life Sciences
Playco,1,44095,Japan,Tokyo,Media & Entertainment
Gousto,1.7,44138,United Kingdom,London,Consumer & Retail
Alation,1.7,44350,United States,Redwood City,Enterprise Tech
Boom Supersonic,1,44181,United States,Englewood,Industrials
Quantum Metric,1,44203,United States,Colorado Springs,Enterprise Tech
News Break,1,44203,United States,Mountain View,Media & Entertainment
MadeiraMadeira,1,44203,Brazil,Parana,Consumer & Retail
PPRO,1,44215,United Kingdom,London,Financial Services
Splashtop,1,44223,United States,San Jose,Enterprise Tech
Flash Express,1,44228,Thailand,Bangkok,Industrials
Axiom Space,1,44243,United States,Houston,Industrials
Locus Robotics,1,44244,United States,Wilmington,Industrials
Standard AI,1,44244,United States,San Francisco,Consumer & Retail
Newsela,1,44252,United States,New York,Consumer & Retail
Aqua Security,1,44265,Israel,Ramat Gan,Enterprise Tech
PatSnap,1,44271,Singapore,Singapore City,Enterprise Tech
Evidation,1,44277,United States,San Mateo,Healthcare & Life Sciences
Sidecar Health,1,44222,United States,El Segundo,Healthcare & Life Sciences
Feedzai,1,44279,United States,San Mateo,Financial Services
Yunxuetang,1,44284,China,Suzhou,Enterprise Tech
Cameo,1,44285,United States,Chicago,Media & Entertainment
Hyperchain,1,44297,China,Hangzhou,Enterprise Tech
The Zebra,1,44298,United States,Austin,Insurance
Groq,1,44300,United States,Mountain View,Enterprise Tech
Fiture,1,44300,China,Chengdu,Healthcare & Life Sciences
Injective,1,44306,United States,New York,Financial Services
Sift,1,44308,United States,San Francisco,Enterprise Tech
Teya,1,44295,United Kingdom,London,Financial Services
Capsule,1,44314,United States,New York,Healthcare & Life Sciences
MOLOCO,1.5,44315,United States,Redwood City,Enterprise Tech
Inari,1.65,44328,United States,Cambridge,Industrials
Mux,1,44316,United States,San Francisco,Media & Entertainment
XForcePlus,1,44348,China,Shanghai,Enterprise Tech
Augustinus Bader,1,44874,United Kingdom,London,Consumer & Retail
Shift,1,44322,France,Paris,Insurance
TensTorrent,1,44321,Canada,Toronto,Enterprise Tech
Zihaiguo,1,44322,China,Chongqing,Consumer & Retail
Forte Labs,1.73,44328,United States,San Francisco,Media & Entertainment
Axtria,1,44329,United States,Berkeley Heights,Enterprise Tech
Amount,1,44333,United States,Chicago,Financial Services
Vise,1,44334,United States,New York,Financial Services
Printful,1,44340,United States,Charlotte,Consumer & Retail
Matrixport,1.05,44348,Singapore,Singapore City,Financial Services
Shippo,1,44349,United States,San Francisco,Industrials
Thirty Madison,1,44349,United States,New York,Healthcare & Life Sciences
LetsGetChecked,1,44354,Ireland,Dublin,Healthcare & Life Sciences
EcoFlow,1,44357,China,Shenzhen,Industrials
Carro,1,44361,Singapore,Singapore City,Industrials
Tractable,1,44363,United Kingdom,London,Insurance
Xiaoe Tech,1,44362,China,Shenzhen,Enterprise Tech
Bringg,1,44363,Israel,Tel Aviv,Enterprise Tech
Simply,1,44368,Israel,Tel Aviv,Media & Entertainment
Worldcoin,1,44376,United States,San Francisco,Financial Services
SmartAsset,1,44371,United States,New York,Financial Services
Morning Consult,1,44355,United States,Washington DC,Enterprise Tech
Visier,1,44376,Canada,Vancouver,Enterprise Tech
ShipBob,1,44376,United States,Chicago,Consumer & Retail
MobileCoin,1.06,44384,United States,San Francisco,Financial Services
Amperity,1,44390,United States,Seattle,Enterprise Tech
Pantheon Systems,1,44390,United States,San Francisco,Enterprise Tech
Xiaoice,1,44389,China,Beijing,Media & Entertainment
Caidya,1,44389,China,Shanghai,Healthcare & Life Sciences
Carson Group,1,44391,United States,Lincoln,Financial Services
NIUM,2,44390,Singapore,Singapore City,Financial Services
Human Interest,1,44412,United States,San Francisco,Financial Services
Bluecore,1,44413,United States,New York,Consumer & Retail
Freshbooks,1,44418,Canada,Toronto,Enterprise Tech
Snorkel AI,1,44417,United States,Palo Alto,Enterprise Tech
Gelato,1,44424,Norway,Oslo,Consumer & Retail
Maven,1,44425,United States,New York,Healthcare & Life Sciences
PicsArt,1,44434,United States,San Francisco,Media & Entertainment
1KMXC,1,44438,China,Hangzhou,Industrials
Cider,1,44441,Hong Kong,Hong Kong,Consumer & Retail
Berlin Brands Group,1,44440,Germany,Berlin,Consumer & Retail
Agile Robots,1,44448,Germany,Munich,Industrials
Mammoth Biosciences,1,44448,United States,Brisbane,Healthcare & Life Sciences
Orchard,1,44448,United States,New York,Financial Services
Xendit,1,44453,Indonesia,Jakarta,Financial Services
TrueLayer,1,44460,United Kingdom,London,Financial Services
Assembly,1,44460,United States,Culver City,Consumer & Retail
PandaDoc,1,44461,United States,San Francisco,Enterprise Tech
Keenon Robotics,1,44454,China,Shanghai,Industrials
HAYDON,1,44463,China,Shanghai,Consumer & Retail
Ninja Van,1,44466,Singapore,Singapore City,Consumer & Retail
Vedantu,1,44468,India,Bengaluru,Consumer & Retail
Formation Bio,1,44469,United States,New York,Healthcare & Life Sciences
Ajaib,1,44473,Indonesia,Jakarta,Financial Services
Licious,1,44474,India,Bengaluru,Consumer & Retail
Masterworks,1,44474,United States,New York,Financial Services
Chronosphere,1,44476,United States,New York,Enterprise Tech
Solo.io,1,44476,United States,Cambridge,Enterprise Tech
Savage X Fenty,1,44237,United States,El Segundo,Consumer & Retail
Swile,1,44480,France,Montpellier,Enterprise Tech
MobiKwik,1,44482,India,Gurugram,Financial Services
Weights & Biases,1.25,44482,United States,San Francisco,Enterprise Tech
Zopa,1,44488,United Kingdom,London,Financial Services
Dental Monitoring,1,44490,France,Paris,Healthcare & Life Sciences
CargoX,1,44490,Brazil,Sao Paulo,Industrials
Fabric,1,44495,United States,New York,Consumer & Retail
Augury,1,44495,United States,New York,Industrials
Moka,1,44502,China,Beijing,Enterprise Tech
Tezign,1,44502,China,Shanghai,Enterprise Tech
Vagaro,1,44503,United States,Dublin,Consumer & Retail
IGAWorks,1,44508,South Korea,Seoul,Enterprise Tech
Contrast Security,1,44509,United States,Los Altos,Enterprise Tech
Wrapbook,1,44510,United States,New York,Media & Entertainment
Gaussian Robotics,1.1,44510,China,Shanghai,Industrials
Mensa Brands,1,44516,India,Bengaluru,Consumer & Retail
Heyday,1,44516,United States,Chicago,Consumer & Retail
PLACE,1,44517,United States,Bellingham,Financial Services
Stytch,1,44518,United States,San Francisco,Enterprise Tech
Owkin,1,44518,United States,New York,Healthcare & Life Sciences
Expel,1,44518,United States,Herndon,Enterprise Tech
NoBroker,1,44523,India,Bengaluru,Financial Services
Lessen,1,44530,United States,Scottsdale,Financial Services
Clara,1,44536,Mexico,Mexico City,Financial Services
YipitData,1,44536,United States,New York,Enterprise Tech
Anyscale,1,44537,United States,Berkeley,Enterprise Tech
Iodine Software,1,44531,United States,Austin,Healthcare & Life Sciences
ReliaQuest,1,44531,United States,Tampa,Enterprise Tech
Pet Circle,1,44536,Australia,Alexandria,Consumer & Retail
Nature's Fynd,1,44396,United States,Chicago,Consumer & Retail
Lydia,1,44538,France,Paris,Financial Services
SellerX,1,44539,Germany,Berlin,Consumer & Retail
SnapLogic,1,44543,United States,San Mateo,Enterprise Tech
Cadence,1,44544,United States,New York,Healthcare & Life Sciences
Noname Security,1,44545,United States,Palo Alto,Enterprise Tech
Rothy's,1,44551,United States,San Francisco,Consumer & Retail
VOI,1,44551,Sweden,Stockholm,Industrials
Haomo.AI,1,44552,China,Beijing,Industrials
Kopi Kenangan,1,44557,Indonesia,Jakarta,Consumer & Retail
InFarm,1,44546,Germany,Berlin,Industrials
ONE,1,44538,Singapore,Singapore City,Media & Entertainment
Fractal Analytics,1,44566,India,Mumbai,Enterprise Tech
Assent,1,44567,Canada,Ottawa,Industrials
Placer.ai,1,44573,United States,Los Altos,Consumer & Retail
Pentera,1,44572,Israel,Petah Tikva,Enterprise Tech
Darwinbox,1,44586,India,Hyderabad,Enterprise Tech
Minio,1,44587,United States,Palo Alto,Enterprise Tech
Esusu,1,44588,United States,New York,Financial Services
Betterfly,1,44593,Chile,Santiago,Enterprise Tech
Dune Analytics,1,44594,Norway,Oslo,Enterprise Tech
Scandit,1,44601,Switzerland,Zurich,Enterprise Tech
Payhawk,1,44606,United Kingdom,London,Enterprise Tech
Watershed,1,44600,United States,San Francisco,Enterprise Tech
Axelar,1,44607,Canada,Waterloo,Enterprise Tech
CHEQ,1,44614,United States,New York,Enterprise Tech
Hasura,1,44614,India,Bengaluru,Enterprise Tech
Timescale,1,44614,United States,New York,Enterprise Tech
Scalapay,1,44615,Italy,Milan,Financial Services
Omada Health,1,44615,United States,San Francisco,Healthcare & Life Sciences
BlueVoyant,1,44615,United States,New York,Enterprise Tech
Vendr,1,44616,United States,Boston,Enterprise Tech
Gauntlet Networks,1,44627,United States,New York,Financial Services
Aptos,1,44635,United States,Palo Alto,Enterprise Tech
Glia,1,44641,United States,New York,Enterprise Tech
CommerceIQ,1,44641,United States,Palo Alto,Consumer & Retail
RapidAPI,1,44643,United States,San Francisco,Enterprise Tech
Tarana Wireless,1,44643,United States,Milpitas,Industrials
FLASH,1,44636,United States,Austin,Industrials
Electric,1,44649,United States,New York,Enterprise Tech
BostonGene,1,44657,United States,Waltham,Healthcare & Life Sciences
Grover,1,44658,Germany,Berlin,Consumer & Retail
Genies,1,44663,United States,Venice,Media & Entertainment
Oyster,1,44671,United States,Wilmington,Enterprise Tech
NexHealth,1,44672,United States,San Francisco,Healthcare & Life Sciences
UPSIDE Foods,1,44672,United States,Berkeley,Consumer & Retail
Factorial,1,44845,Spain,Barcelona,Enterprise Tech
Divergent 3D,1,44676,United States,Torrance,Industrials
Taxfix,1,44679,Germany,Berlin,Financial Services
Open,1,44683,India,Bengaluru,Financial Services
Opn,1,44690,Japan,Tokyo,Financial Services
Remarkable,1,44691,Norway,Oslo,Consumer & Retail
Habi,1,44692,Colombia,Bogota,Financial Services
CareBridge,1,44720,United States,Nashville,Healthcare & Life Sciences
Immuta,1,44720,United States,Boston,Enterprise Tech
JupiterOne,1,44714,United States,Morrisville,Enterprise Tech
Vayyar,1,44718,Israel,Yehud,Industrials
LeadSquared,1,44733,India,Bengaluru,Enterprise Tech
FourKites,1,44733,United States,Chicago,Enterprise Tech
VulcanForms,1,44747,United States,Burlington,Industrials
SingleStore,1,44754,United States,San Francisco,Enterprise Tech
Unstoppable Domains,1,44769,United States,Las Vegas,Media & Entertainment
